{"stats":{"minecraft:picked_up":{"minecraft:bone":1},"minecraft:dropped":{"minecraft:bone":1},"minecraft:custom":{"minecraft:jump":22,"minecraft:time_since_rest":10078,"minecraft:damage_dealt":20,"minecraft:damage_taken":180,"minecraft:leave_game":7,"minecraft:time_since_death":10031,"minecraft:play_time":19296,"minecraft:walk_one_cm":6143,"minecraft:walk_on_water_one_cm":1591,"minecraft:deaths":2,"minecraft:sneak_time":492,"minecraft:total_world_time":19296,"minecraft:fly_one_cm":179197,"minecraft:fall_one_cm":484,"minecraft:drop":1}},"DataVersion":2975}