{
  "minecraft:recipes/misc/charcoal": {
    "criteria": {
      "has_log": "2024-05-12 01:39:40 +0000"
    },
    "done": true
  },
  "minecraft:recipes/building_blocks/birch_wood": {
    "criteria": {
      "has_log": "2024-05-12 01:39:40 +0000"
    },
    "done": true
  },
  "minecraft:adventure/adventuring_time": {
    "criteria": {
      "minecraft:forest": "2024-05-12 01:39:03 +0000"
    },
    "done": false
  },
  "minecraft:recipes/building_blocks/birch_planks": {
    "criteria": {
      "has_logs": "2024-05-12 01:39:40 +0000"
    },
    "done": true
  },
  "DataVersion": 2975
}